{
  "features": [
    "flight_mean",
    "flight_std",
    "hold_mean",
    "hold_std",
    "flight_skewness",
    "flight_kurtosis",
    "flight_entropy",
    "hold_entropy",
    "periodicity_score",
    "velocity_gradient",
    "fatigue_rate",
    "rhythm_consistency",
    "impossible_fast_ratio",
    "digram_cv_mean",
    "backspace_latency_std",
    "backspace_count_ratio",
    "burst_count_per_100k",
    "session_wpm"
  ],
  "mean": [
    203.89078624864737,
    100.9219260843494,
    91.73798922157968,
    18.430495693321454,
    1.297005348101755,
    5.16200221647536,
    2.1628740638974264,
    1.8743466501423023,
    35.17026319278058,
    0.04058683709677271,
    0.3910328693341569,
    38.05264411148168,
    0.003720893105055784,
    0.33254077165656715,
    46.25556304133406,
    0.05793732687999485,
    2.386043220001946,
    86.99809349564946
  ],
  "std": [
    223.2671743226456,
    137.71265967810908,
    37.074582941915224,
    13.383023734862725,
    1.3092693515843368,
    4.527315310964581,
    0.9326404533857672,
    0.832110718560911,
    24.21563508020818,
    0.194453731384671,
    0.6946855489907597,
    32.71670344554388,
    0.004627807863555031,
    0.23283034655415094,
    34.979755785111536,
    0.05214451364838546,
    4.385172532406172,
    63.403158929403844
  ]
}